{"cameraMode":{"drawMode":0,"name":"Shaded","section":"Shading Mode"},"sceneLighting":false,"audioPlay":false,"sceneViewState":{"showFog":false,"showMaterialUpdate":false,"showSkybox":false,"showFlares":false,"showImageEffects":false,"showParticleSystems":false},"in2DMode":false,"pivot":{"x":4.429999828338623,"y":2.3600001335144045,"z":1.7699999809265137},"rotation":{"x":-0.011911412701010704,"y":0.9368166923522949,"z":-0.34814584255218508,"w":-0.03204968571662903},"size":2.3661322593688967,"orthographic":false}