{"cameraMode":{"drawMode":0,"name":"Shaded","section":"Shading Mode"},"sceneLighting":true,"audioPlay":false,"sceneViewState":{"showFog":true,"showMaterialUpdate":true,"showSkybox":true,"showFlares":true,"showImageEffects":true,"showParticleSystems":true},"in2DMode":false,"pivot":{"x":8.187274932861329,"y":-1.7225632667541505,"z":2.075573682785034},"rotation":{"x":-0.1507454365491867,"y":0.5651490688323975,"z":-0.10594566911458969,"w":-0.8041504621505737},"size":66.88374328613281,"orthographic":false}