{"cameraMode":{"drawMode":0,"name":"Shaded","section":"Shading Mode"},"sceneLighting":true,"audioPlay":false,"sceneViewState":{"showFog":false,"showMaterialUpdate":false,"showSkybox":false,"showFlares":false,"showImageEffects":false,"showParticleSystems":false},"in2DMode":false,"pivot":{"x":-2.7032880783081056,"y":13.548486709594727,"z":5.104057312011719},"rotation":{"x":-0.20909680426120759,"y":0.18988583981990815,"z":-0.04142843931913376,"w":-0.9583869576454163},"size":13.556578636169434,"orthographic":false}